,v
0,"[0, 0.007453509548460997, 0.007660475177367502, 0.007862954518749686, 0.008058965193191565, 0.008248869672867368, 0.008434423883583248, 0.008617698726502391, 0.008800196450514924, 0.008982321314015452, 0.009163232383509868, 0.009341063048757328, 0.009513425132308809, 0.009678339001071299, 0.009834675487169077, 0.009982429004352771, 0.010122761088655613, 0.010257758286206366, 0.01039011609093863, 0.010522867437693989, 0.010659196942541287, 0.0108023186198299, 0.010955351158137403, 0.011121082841267897, 0.011301439833804576, 0.011496220032809552, 0.011700468890996157, 0.01190349233324512, 0.011943305306344607, 0.011842062139885588, 0.01166422838122531, 0.010720896398840793, 0.0055956862283861675, 0.0070569755496021165, 0.007090180033798364, 0.007845447967066965, 0.006030544457437171, 0.0073946780656714605, 0.006139823847738945, 0.007278035006033162, 0.006193933793119629, 0.0072264437400716705, 0.00618443946441191, 0.007162441972352125, 0.006144651006598577, 0.007048327454901402, 0.006069728998091107, 0.006467599203870883, 0.006055483944165011, 0.006333700532062459, 0.006160598784912502, 0.0062685525344966415, 0.006223331318386801, 0.00627141897538239, 0.006208510253568262, 0.006240364893650747, 0.006166329901263479, 0.006190714778428011, 0.006115922727174307, 0.006139839783454834]"
1,"[0, 0.010394847030424564, 0.010676162951655879, 0.010724171130636955, 0.010761911213050378, 0.01079835177709256, 0.010835066906996524, 0.010872578776806847, 0.010911132554726657, 0.010950876353730677, 0.01099191775632137, 0.011034334552876404, 0.01107816615159367, 0.011123691464118391, 0.011171118265482631, 0.0112206741951792, 0.01127267829678952, 0.011327567051831623, 0.011385950808297607, 0.011448731210616483, 0.011517362839224526, 0.01159451793000654, 0.01168617504437916, 0.01181094252492298, 0.012083684604215533, 0.013289096603871208, 0.013457110531620766, 0.013507143583783656, 0.013267117280718674, 0.01308547078123975, 0.012900049957107777, 0.012550287808854609, 0.007678631831191256, 0.011902479664674346, 0.013235961488109375, 0.012726729852882007, 0.010466999822345337, 0.012015167817961483, 0.010284768761554769, 0.01166710758279327, 0.010138992154439754, 0.011436593953289066, 0.009980729870799414, 0.011239385528687237, 0.009836603954383712, 0.011012864446870472, 0.00967492320178338, 0.010093104710860942, 0.00949169144170798, 0.009972079200378053, 0.009541816163593878, 0.009933634008478468, 0.009553261090406993, 0.009891113138650359, 0.009534491338803767, 0.009844576511706456, 0.00949197227340475, 0.00978305498007503, 0.009432121986108847, 0.009712998747143483]"
2,"[0, 0.013189769957035916, 0.013146431174705214, 0.013100767747099899, 0.01305230100827461, 0.013000799130488737, 0.012946032435930968, 0.012887775763526127, 0.01282581645733594, 0.012759966692617223, 0.01269008239817686, 0.012616082195911706, 0.01253779342372456, 0.012455107058583199, 0.012368681647909332, 0.01227940446424653, 0.012188658262617388, 0.01209856198427853, 0.012012202214435917, 0.011933840515723161, 0.011869052046632337, 0.011824778610745927, 0.0118093872418734, 0.011833017895287547, 0.01190866671895704, 0.012053201681972657, 0.012273361844802976, 0.012619357978877728, 0.01290660101742727, 0.013094781689272066, 0.01260840032770438, 0.012362143163764341, 0.008767009008280818, 0.012779782683292665, 0.014507724087404536, 0.012127265749348042, 0.011384684437361162, 0.011770386665595153, 0.01145777851524563, 0.01137171390282504, 0.011332346049269753, 0.011129753520210338, 0.011258994380309629, 0.0110122896777709, 0.011238931850102616, 0.010941363809490812, 0.011200144131934944, 0.01088682158846953, 0.011173352646968813, 0.011366658226187664, 0.011266756325276937, 0.01130252264464542, 0.011275261474686691, 0.011248457081866814, 0.011245618696497657, 0.011181687174668243, 0.011186611304690555, 0.011095868591923668, 0.011106222710986362, 0.01099773007607679]"
3,"[0, 0.011632869032354836, 0.011385678343190427, 0.01117828356370773, 0.011041144866270187, 0.010961301315664715, 0.010915400336288298, 0.010887296417091194, 0.010868083756680575, 0.010853014979088393, 0.010839433211590338, 0.010825698028947147, 0.01081063622548695, 0.01079333337545613, 0.010772936615442966, 0.010748498842613223, 0.010718861852069229, 0.010682464666507132, 0.010637025731471555, 0.010578976017966181, 0.010502365155474033, 0.010396501024193407, 0.010239969394540674, 0.009981574921679068, 0.009455056890244368, 0.008063487233930716, 0.007173546260337404, 0.003994173795673699, 0.011619555285124511, 0.004485455636395394, 0.011278461833225761, 0.005355043515500187, 0.011707932954894916, 0.012419638758189971, 0.0139879300537899, 0.014366152155517719, 0.01223801900844387, 0.01387769838936574, 0.012883973964963246, 0.013905625404089425, 0.01315662836829346, 0.013922566957889222, 0.013251995011564167, 0.013832219918583306, 0.013201214099627252, 0.013599925648486963, 0.013055732578065566, 0.012485474266430475, 0.012814633646463078, 0.012551593613032272, 0.012737411802798115, 0.012435668942815928, 0.012673151932812883, 0.012365601958550425, 0.012734963615526557, 0.012471485532455381, 0.012891081403324015, 0.012565280624080568, 0.01294321688118808, 0.012560746725219455]"
4,"[0, 0.017058302688457965, 0.01693018999505714, 0.016789547641280416, 0.016634660852518784, 0.016464107796803778, 0.016276526280104984, 0.016070803507633798, 0.015846328099022772, 0.015603231456974766, 0.015342508938504128, 0.015065866362994564, 0.014775167121325102, 0.01447228652441743, 0.014157930291155812, 0.01383102417002705, 0.013488728365519889, 0.013126659512573505, 0.012739318861117463, 0.012320545875175752, 0.011863721652565187, 0.011361148966586411, 0.010801263910765954, 0.010160100761371492, 0.009374204957418567, 0.008239288873674805, 0.00643315365953498, 0.008499232530512763, 0.009587126026386355, 0.010679445437624396, 0.011920266913411212, 0.011589377034104464, 0.017770809002180636, 0.017461252379359863, 0.021169213830702357, 0.018045668895381364, 0.01714838066085799, 0.016637687200259415, 0.017153184941492615, 0.01646695831850949, 0.01718607047232506, 0.016401339476964854, 0.017156579918309278, 0.016335208320493115, 0.017086383810973833, 0.016254671667372024, 0.01696752916199554, 0.016013621349061143, 0.01681602752261097, 0.01621353707956047, 0.016694338095532328, 0.01620363236659895, 0.016684828442505423, 0.016160009893029657, 0.01665401512068, 0.01611211569211128, 0.016602129377648964, 0.016055166675951256, 0.016537256158398607, 0.015991141933106315]"
5,"[0, 0.005481136119320443, 0.0055902163927983245, 0.005702423976174928, 0.005817455240840051, 0.005934920893066777, 0.006054379469657931, 0.006175367300886246, 0.006297409604495951, 0.006420031769582837, 0.006542776325357032, 0.006665223642794654, 0.006786999600709143, 0.006907815493129335, 0.007027537266116234, 0.0071461546486491535, 0.007263812550720123, 0.0073808355444267325, 0.007497751923423053, 0.007615322206846811, 0.0077345758580621635, 0.007856859949447525, 0.007983902059642582, 0.008117882858083098, 0.00826149282667446, 0.00841787046603812, 0.008590037299716483, 0.00878311366735022, 0.008858152557076672, 0.00892950754764984, 0.008939650926367048, 0.009070655798404619, 0.00907691179376556, 0.009893201703005089, 0.01000348765198587, 0.009448188847391742, 0.008649591939342715, 0.00909099164308024, 0.008596957240452244, 0.009017317293030446, 0.008534049621213635, 0.008941594431502496, 0.008421599574451898, 0.008798023648025472, 0.008220318620042723, 0.0083443798845219, 0.007446345623362523, 0.0018072318468555287, 0.0059876916641841745, 0.0048523961531999615, 0.005625224797175911, 0.005012221843480535, 0.005385707010613044, 0.005099369910522042, 0.005277952808784169, 0.005149029992862207, 0.005216408954382555, 0.0051642367928980346, 0.005171380547982399, 0.005158526048598372]"
6,"[0, 0.004523833206413038, 0.004553016951602342, 0.0045833384049757, 0.004614788144167518, 0.004647469300459214, 0.004681483754717698, 0.004716941024580513, 0.004753961774517967, 0.004792681378862003, 0.004833255780315526, 0.004875872795313686, 0.004920716031006634, 0.00496787308061672, 0.005017683124755143, 0.005070520880392421, 0.005126822716474836, 0.005187126607447487, 0.005252110839334118, 0.005322643276595168, 0.0053998456071812926, 0.005485169262961393, 0.0055804542653434255, 0.005687853876849486, 0.005809202930914638, 0.0059433424765125194, 0.006077477391455657, 0.006158224960439573, 0.006144391817507941, 0.005874322126503047, 0.005211494628655158, 0.006717091948740162, 0.005386811826279568, 0.006715393470397997, 0.006110791124450443, 0.006631579338111099, 0.004727299582766991, 0.006001823394329061, 0.004788517385573133, 0.005938662567199614, 0.004903664358889277, 0.0060053230922237025, 0.004962014199243119, 0.006005052357885975, 0.004963121050950893, 0.005933061736660481, 0.004911495239439772, 0.005450019552708679, 0.004900701678799287, 0.005255181695202196, 0.004979532723168189, 0.005171929748177036, 0.00500047619592648, 0.005143526907934923, 0.005010208953231888, 0.005134690803485473, 0.005005803915513595, 0.0051131944131720675, 0.004979840175758224, 0.005079007996628957]"
7,"[0, 0.004724512797735606, 0.004796044721532225, 0.004862643664607695, 0.004925560916071935, 0.004985821734988249, 0.005044245561725037, 0.0051014908609288865, 0.005158091139229263, 0.005214485428277083, 0.005271044712934816, 0.005328093449601517, 0.00538591411870964, 0.005444782932647869, 0.0055050158639466116, 0.005566936836541342, 0.005630902275796296, 0.0056973197701597625, 0.005766667462262704, 0.0058395172363657575, 0.005916563407230152, 0.0059986583052313094, 0.006086854924377375, 0.006182451974780045, 0.0062870222445647215, 0.00640234691398457, 0.006530033681664261, 0.006673190323307371, 0.006722959567821871, 0.006768602787902156, 0.006758830436134345, 0.006839847725372907, 0.0068208501305320355, 0.00741630267245477, 0.007487088992353959, 0.00708291734928709, 0.00648332851762315, 0.006828278907573705, 0.00645686790857124, 0.0067933989541425635, 0.00643044947226734, 0.006772405574285297, 0.00638399556817097, 0.006741899039857625, 0.006322123089557736, 0.0066722638480616195, 0.006233540612698645, 0.006187256536719251, 0.006188983161814572, 0.006191280450868848, 0.006186819548066861, 0.006164043437724151, 0.006179947727671096, 0.006133806703398437, 0.006166394114138243, 0.006100381897837937, 0.006146977757875403, 0.00606187041183624, 0.006121642549759902, 0.006017410975492362]"
8,"[0, 0.01270039920558706, 0.01250488331005199, 0.012318482329541318, 0.012145469571609701, 0.011987371514912753, 0.01184329207954026, 0.011710900200529461, 0.011587324623955671, 0.011469711001232277, 0.011355473516782264, 0.01124234021334667, 0.011128262474104117, 0.011011632117232648, 0.010890928555577307, 0.01076456091681263, 0.010630796801587206, 0.010487587386202162, 0.010332342087027935, 0.010161623753756227, 0.009970710713228548, 0.009752919876156745, 0.009498441848114134, 0.009192029601413902, 0.008807587457559593, 0.008280751788269711, 0.006907206016919945, 0.005182095874076331, 0.007361736476701442, 0.007302587779052022, 0.007017456839370888, 0.007595705519822001, 0.012409979717641347, 0.013056506567202681, 0.016393185363540664, 0.013470932970037718, 0.01279013151363125, 0.012495119329947886, 0.013136125776371655, 0.012502115369848925, 0.01323600433687266, 0.012494917258743481, 0.013246362583125986, 0.012459425809688193, 0.013201046566391319, 0.012360953651007422, 0.013063045595441457, 0.012753924281597247, 0.013255898510618395, 0.012933777576473791, 0.013181728409571221, 0.012922386538256829, 0.013183729595758857, 0.012891876015164169, 0.01316683546860747, 0.012859319531596709, 0.01312994457494495, 0.01281848051783944, 0.013078947307857304, 0.012769628488638302]"
9,"[0, 0.02629233732332836, 0.026319810250133323, 0.026348835601115134, 0.026379326508049437, 0.026411358430302692, 0.026445008757068653, 0.02648037268121889, 0.026517570121632056, 0.026556746147066435, 0.02659806845155845, 0.026641711106465193, 0.026687755267024042, 0.026736481132294793, 0.026788351386690914, 0.026843770086103, 0.02690320196677224, 0.026967212061845016, 0.02703650506366919, 0.027111980681511615, 0.027194815725266608, 0.02728658684500056, 0.02738944986726563, 0.02750638177388986, 0.027641438749035883, 0.02779970270393597, 0.027986274448728657, 0.028213998755578087, 0.028014483763267133, 0.027814972271706952, 0.02736566028782424, 0.027281581309942692, 0.026697703306469974, 0.02770491402012669, 0.01106243196496467, 0.019263041016010788, 0.02401141708876043, 0.0234790307769064, 0.023847216013243064, 0.02334144403234173, 0.023734404621471444, 0.023240771649865623, 0.023609941296595098, 0.02311030127327627, 0.02344436700621525, 0.02290865689592089, 0.023161774268883193, 0.022848509364857345, 0.023115930677035063, 0.02284784158116971, 0.0231122031892693, 0.022823962083023747, 0.023068694005613045, 0.02277362834906741, 0.02300361689152346, 0.022704415457247884, 0.022919040693022415, 0.02261831675005254, 0.02281787404107706, 0.02251872359094279]"
10,"[0, 0.01340755364499471, 0.013319635601286134, 0.013237067132059022, 0.01315837383295652, 0.013082435083459748, 0.013008389118772093, 0.01293559852689653, 0.012863623950036254, 0.012792196636501453, 0.01272118801118833, 0.012650575535692262, 0.01258036051612577, 0.01251054187741191, 0.012441260961623159, 0.012372591966441013, 0.012304533873980924, 0.012236989890747625, 0.012169736616359917, 0.012102384278203607, 0.012034320339040552, 0.01196462036554723, 0.011891896701194457, 0.011814037278442553, 0.011727772829852283, 0.011627986762188305, 0.011504839791437687, 0.011346301673843926, 0.010784917627933988, 0.010578757718536428, 0.00927073343275795, 0.009265835101063337, 0.011593531742468622, 0.01370110663261832, 0.016233479857079153, 0.013864985251998849, 0.013419307826907657, 0.01333211674596209, 0.01366794547286523, 0.013256234709782997, 0.01370908835954977, 0.0132003073793658, 0.01368797144970345, 0.013125122854498303, 0.01361807915212171, 0.013003744358355114, 0.013463981451797006, 0.013558657530236485, 0.013549490913987898, 0.013658997497681874, 0.013652537409827836, 0.013561452899706774, 0.013664151815985978, 0.01349928868753279, 0.01364015620113556, 0.013444667389190224, 0.013595337091712616, 0.013387663109990783, 0.013538386585149281, 0.013327516161441648]"
11,"[0, 0.0175171339271867, 0.017531760644027897, 0.017546372299873835, 0.01756078347058149, 0.017574839095685732, 0.017588311850775678, 0.017600839115370612, 0.017611702636496744, 0.01761888183185005, 0.017612949738269844, 0.017537877044975496, 0.017462436882543418, 0.017454578323859264, 0.01745580400382912, 0.01745626283942542, 0.017453290137629678, 0.017445121686657024, 0.017429817308806897, 0.017404795035114974, 0.017366312738898604, 0.017308514745684893, 0.017220979946924748, 0.01707902713231716, 0.01676160729694818, 0.01544120933107458, 0.015099669523498028, 0.014728089356733262, 0.013856599400974175, 0.01307937519302516, 0.012358278122555947, 0.011794362325505833, 0.008821374986684586, 0.012149461599009929, 0.01818778127642542, 0.020587139450158075, 0.01793049329966668, 0.019787485500614703, 0.018047988956393212, 0.01942919084321571, 0.018016110870844645, 0.019191524748770065, 0.017897177574216414, 0.018989406229774776, 0.01775106027683257, 0.018698712918213744, 0.017699441484184952, 0.01733712450082612, 0.017870564269234387, 0.017724426288509506, 0.01777187159869429, 0.017733957220621318, 0.01770944067375947, 0.01768324937140241, 0.017646135366589502, 0.017615640308768808, 0.017576372448093777, 0.0175424861156555, 0.0174990624812475, 0.017458449972580458]"
12,"[0, 0.014059289981231873, 0.013991121403091339, 0.013915416330814041, 0.013831145823554575, 0.013737326758598104, 0.013633206715452314, 0.013518464499648964, 0.013393288408181044, 0.01325827324867343, 0.013114098522382815, 0.012961067617720824, 0.012798692396174479, 0.012625681853124895, 0.012439891613581305, 0.012238546252511624, 0.012018582654640184, 0.011777013124482228, 0.011511368068212636, 0.011220103129247901, 0.010902328572437047, 0.010555102625774141, 0.010164886736053178, 0.00968794869608487, 0.009020109554701389, 0.007919294523852583, 0.007559493755237721, 0.0029428331845103924, 0.014468104599526493, 0.0045875595189445815, 0.01406761512517236, 0.0067885769803646585, 0.014631540746909042, 0.014679141539073765, 0.016765215240548817, 0.016845552203625328, 0.014226745661265661, 0.01572752379770752, 0.014896872081915659, 0.015573413935410013, 0.01505481331060656, 0.015540111839175377, 0.015100944516427173, 0.015495569149451457, 0.015089807327664656, 0.015375833634368773, 0.015073921596596323, 0.01436292711532787, 0.014955324845844007, 0.01468487891839285, 0.015015681056486195, 0.014756125383459766, 0.015057878349835583, 0.014762951391355012, 0.014989629196794104, 0.014655462481581786, 0.014841379719278267, 0.014540551950816381, 0.01473542465942927, 0.014467509912407403]"
13,"[0, 0.005679689117329578, 0.005745144806832957, 0.00581360406290527, 0.005885288683307572, 0.005960491182631516, 0.0060395335284949715, 0.006122778681867172, 0.006210638951175523, 0.006303583404686297, 0.006402145990997961, 0.006506934552232381, 0.00661861459382202, 0.006737897122600927, 0.006865670465565254, 0.0070028983006961525, 0.007150625359102447, 0.007309975967255202, 0.007482144576670399, 0.007668385746113777, 0.007870011382748544, 0.008088403767284197, 0.008325042392503725, 0.008581497753512603, 0.008859222354999434, 0.009158686191765658, 0.009477172841199664, 0.009804196083342718, 0.009998822579692902, 0.010131942443573426, 0.01018539271866218, 0.01019622612906933, 0.009779658548405607, 0.0031431579535280284, 0.005719887636866896, 0.005885864184669118, 0.004018895775108436, 0.005094208913320645, 0.0041281741499141844, 0.00501470788271916, 0.004175802018094762, 0.005055390942214134, 0.0041762120220823025, 0.00503745255275049, 0.004143157003475795, 0.004969856543857222, 0.004080380374295166, 0.004567333929743697, 0.004073714739463303, 0.004400865139844162, 0.004164771277661993, 0.004317963130465954, 0.004192651438149215, 0.004292371073542111, 0.004208903197012033, 0.004283694605247424, 0.004211504000863439, 0.004269064814078222, 0.004198278971597168, 0.004246175754499105]"
14,"[0, 0.013149588029432151, 0.013136859231366751, 0.013120651081969047, 0.013100275531229376, 0.0130750360905467, 0.013044084835258797, 0.013006461592203917, 0.012961217766425094, 0.01290763853434515, 0.012845589610247904, 0.012775951751686212, 0.012700964154650007, 0.012624439910839298, 0.012550976040505826, 0.012484758885858255, 0.012428496129016038, 0.012382920476118296, 0.012347009908161934, 0.012318580495518986, 0.012294844409666524, 0.012272661547749772, 0.012248207899078354, 0.012215292863899241, 0.012159579218607018, 0.012037712378477231, 0.01167205055011224, 0.008554309656439307, 0.00228099653723063, 0.009713392749022118, 0.0008580829460953022, 0.009913779108716951, 0.0063293890948717775, 0.010179533311373253, 0.011793291537395814, 0.009464347843910313, 0.009099122360264231, 0.00950872210561467, 0.009445306268416635, 0.009244554999940187, 0.009449752707314666, 0.009112840820076915, 0.00943354993429113, 0.009034064191245255, 0.00939520426926401, 0.008953945864722484, 0.009318125071335084, 0.008878562361281272, 0.009221750119159426, 0.009501387458667462, 0.009373420944518302, 0.009426830424358608, 0.009387341595372883, 0.009413668279392613, 0.00939604493361521, 0.009424307385415475, 0.009409511550793644, 0.009446502094521756, 0.009428196049273136, 0.009471058028594553]"
15,"[0, 0.015648986173333993, 0.015606865833221923, 0.01556238763065438, 0.015515611886552023, 0.015466669326738753, 0.015415657765477927, 0.015362649396507236, 0.01530770239349351, 0.01525086034308323, 0.015192142816890922, 0.015131528847296797, 0.015068910267880242, 0.015004093263016934, 0.01493685261899212, 0.014866816932938126, 0.014793462361579985, 0.014716090895624106, 0.014633789021692505, 0.014545344608849034, 0.014449066037004007, 0.014342375334647408, 0.014220862711463372, 0.014075929910756825, 0.0138880090616878, 0.01360078893041851, 0.012863695030734923, 0.010444970367054655, 0.006154007216144743, 0.009733059128332456, 0.004418141012092848, 0.008865660970946328, 0.009277708861958485, 0.01142642356175838, 0.013952980564524214, 0.01065473191611002, 0.009962475371280774, 0.010346989237649505, 0.010926304753112296, 0.010512890582279699, 0.01115745728037486, 0.010554770895985, 0.01121101027669054, 0.010511021671723804, 0.011158359259781205, 0.010377851296012722, 0.010998768643330931, 0.010426275314008679, 0.010960457366137875, 0.010825255838496167, 0.010903783027983609, 0.01068041073173377, 0.010843167377949475, 0.010577083604476147, 0.010775317196211547, 0.010485750328630071, 0.010700536433535877, 0.010397580731218093, 0.010626657458732367, 0.010317684591278263]"
16,"[0, 0.008277396825643319, 0.00815738161296956, 0.00803500219222287, 0.007910058245290655, 0.007782587598465533, 0.007652606796088853, 0.007520122869893595, 0.00738515477199843, 0.007247740496015159, 0.00710793220968886, 0.0069657653717709956, 0.006821201493982995, 0.006674555903378119, 0.006525982906088921, 0.006375528312848394, 0.0062232082622996916, 0.006068985011646568, 0.00591274304251523, 0.005754267862703967, 0.005593248369245419, 0.005429374736193742, 0.005262751578053695, 0.005095365434974127, 0.00493666498605695, 0.0048290559879916786, 0.004998619276527568, 0.0073276437786239795, 0.005318892347088793, 0.010196646782103743, 0.0062996574366107885, 0.013128265703001778, 0.015757153252146903, 0.01839833743364984, 0.021312381220357873, 0.018608867874605844, 0.017088975368883777, 0.016908815237353582, 0.017008939748931133, 0.01712377272222634, 0.017065948121147, 0.017164973648889182, 0.01699466521199298, 0.017079535351987633, 0.01686511810550425, 0.01693999429008983, 0.016724867714321086, 0.016371160009559474, 0.016519754450633597, 0.016686599207749096, 0.016465089724035167, 0.016623885385088695, 0.01643069831781156, 0.01655266636947241, 0.01638057222365124, 0.016482706011673277, 0.016316279631533405, 0.016406925068159793, 0.016241462545335896, 0.016325039690942067]"
17,"[0, 0.00945941383726269, 0.009711373549098306, 0.009920214694200557, 0.01006240684460976, 0.010152683918453056, 0.010212769738629255, 0.010257107743207825, 0.010293579234240359, 0.010326395204693707, 0.010357939988539492, 0.01038970707072907, 0.01042273246606549, 0.010457848751320923, 0.010495729712499782, 0.010536808365275353, 0.010581124838946774, 0.010627998755804512, 0.010675498756791902, 0.010719754602769586, 0.01075438360380757, 0.010770588885653918, 0.010758324567521701, 0.010707572018949799, 0.010606319148793885, 0.010427331173604146, 0.010084794436273211, 0.009198570676620962, 0.0032062555364908408, 0.007519109760250891, 0.003993971786338572, 0.005798652799582749, 0.006245287097810037, 0.006920253279161776, 0.009184632180056282, 0.006638059074518724, 0.006794097047625913, 0.006718008493815762, 0.007315641518738968, 0.006622821054504947, 0.007319351923048223, 0.00653863991413446, 0.0072550911284908984, 0.0064583972282805805, 0.007167740852756552, 0.006369545841254886, 0.007048925614580051, 0.006151835168705806, 0.006788944327785152, 0.0071214985785573405, 0.007030173031698111, 0.006951401742260668, 0.007042694256519866, 0.006914452418700919, 0.0070313138197754315, 0.006896079221487974, 0.007013106692354233, 0.006880277786414964, 0.006993176334945398, 0.006866450312210329]"
18,"[0, 0.0011834988084064135, 0.0012189419637574591, 0.0012565479289613545, 0.0012965339296668124, 0.0013391328623899943, 0.001384619643591578, 0.0014333251604610397, 0.0014856445166114168, 0.0015420490674986633, 0.001603105212092896, 0.00166950389619263, 0.0017420871372819, 0.0018218232286162264, 0.0019100154465239718, 0.0020083182295024247, 0.0021188625088424205, 0.0022444668120079766, 0.0023889763332842146, 0.0025578411274637092, 0.0027591522652892853, 0.003005593724197039, 0.0033182408224992008, 0.0037333501503030862, 0.004306053742279679, 0.005071742709593444, 0.00621745988107067, 0.0076913807896016465, 0.007270993746340698, 0.006445857724560989, 0.005393718711421025, 0.0043511290580015545, 0.005186431103009641, 0.004271009005887705, 0.0046495544009773505, 0.0050602188598316954, 0.003357100500182799, 0.004457239132258909, 0.0035570585513797852, 0.0043629319108133766, 0.0035819859013939315, 0.004376764523915717, 0.0035606077063002266, 0.004360261119077163, 0.0035276343875463062, 0.004303947275631037, 0.00347292482543226, 0.003960492771246069, 0.0034757066540461313, 0.003822195414798666, 0.0035763247935044784, 0.0037639963680277605, 0.003644716487357761, 0.0037387874787360997, 0.003673730316578085, 0.003722346583667952, 0.00367886633193346, 0.00370574838101848, 0.0036695626318813965, 0.0036849787578088727]"
19,"[0, 0.004214398170406594, 0.004287185396543884, 0.004363452929503043, 0.004443493735389376, 0.004527661881267233, 0.004616345611933603, 0.004709966073285928, 0.004808977711288483, 0.004913869579779203, 0.005025166535292952, 0.005143424334310044, 0.005269213792281712, 0.005403278568444803, 0.005546376765515272, 0.005699267317294337, 0.005862670003774625, 0.0060371311402523335, 0.006222823488889826, 0.006419306262172236, 0.006625323783612425, 0.00683877575179994, 0.0070569820370264364, 0.0072771986716700385, 0.0074969759405834, 0.007713117621575932, 0.00791747851451079, 0.00808879429943667, 0.007942537937860093, 0.007960257461237802, 0.006981684059845457, 0.006038930142520664, 0.009363340677936332, 0.009217156086595162, 0.009881579318670489, 0.010156055976459317, 0.008178982441698021, 0.00963688402039277, 0.008223489360621868, 0.009507564256235864, 0.008304399530491042, 0.009431290442733069, 0.008313387658419713, 0.009354969504071765, 0.008278137774710355, 0.009224040052416333, 0.008187748813697895, 0.008493260692284569, 0.008130852390299424, 0.008398085901646936, 0.00822931361588678, 0.008331198639448993, 0.00824550427206335, 0.008288835267087702, 0.008226654613023396, 0.0082473328770985, 0.008189787429296587, 0.008201533230654258, 0.00814503882741429, 0.008153507421069073]"
20,"[0, 0.008977719257409006, 0.008913409989384639, 0.008848675356868906, 0.008783265719299438, 0.00871708241730588, 0.008650121887554771, 0.008582403165925413, 0.008513928152263718, 0.008444666937414923, 0.0083745530836488, 0.008303482159692939, 0.008231297560300724, 0.008157798591560628, 0.00808278780215193, 0.008006007216797808, 0.007927129092541226, 0.007845741007212559, 0.0077613535035735755, 0.007673506123782956, 0.007582176480293131, 0.0074891073456718246, 0.0074022485775218656, 0.007353499842635749, 0.007493579139224035, 0.008469077200959439, 0.006149656210381856, 0.007014631333556987, 0.011270504806100513, 0.010721495973311455, 0.01264700297520196, 0.012808469157742579, 0.015611320204002818, 0.019259544348110075, 0.02044717015193455, 0.019733478566395617, 0.01698721109411626, 0.018946869128726226, 0.016932834416196762, 0.018601967313581647, 0.016885250118120358, 0.018359917312473988, 0.016762452680593717, 0.018125349371901713, 0.016604848810026933, 0.017810012897140362, 0.01649217740678305, 0.016460039249791322, 0.01633401192522423, 0.016614236551544266, 0.016295757897766015, 0.016597260903736675, 0.016261125617722118, 0.016536845903150826, 0.016206971965565278, 0.01646213928862616, 0.016132272158463842, 0.01637272135363761, 0.01604079057817607, 0.016271674614915143]"
21,"[0, 0.002483321352988146, 0.002292603262447212, 0.0023359318948347717, 0.002392248989734117, 0.002452666618944426, 0.0025157774305068366, 0.0025813543128215054, 0.002649846507562769, 0.0027233085701175827, 0.002812063088121167, 0.0029715427343586756, 0.003120358563740793, 0.003204722987388048, 0.003280918314079704, 0.0033567943949544573, 0.003433915193981165, 0.0035129933375435767, 0.0035946556354056174, 0.003679618896079712, 0.003768741611534052, 0.0038630242679854377, 0.003963561765886081, 0.004071432059416445, 0.004187498092984858, 0.00431208346476088, 0.004444598252327998, 0.004584204750646369, 0.004646489625926378, 0.004705963848004039, 0.004708454529062977, 0.004775120348100353, 0.00476045511295183, 0.005180986649902945, 0.00522759618231536, 0.004946893079754584, 0.004526734350388058, 0.004768735021474319, 0.004508502592918066, 0.004744585064587266, 0.00449030211171449, 0.004730255047776616, 0.004458184058795044, 0.004709402371444952, 0.0044154002637275735, 0.004661348638986393, 0.0043540800078133955, 0.004323207334047563, 0.004323417261192964, 0.004326947955441676, 0.004322639254173059, 0.0043091354323299995, 0.004318841721222126, 0.004289690170301587, 0.004310759457097019, 0.004268648633409813, 0.0042991300794199255, 0.004244967559923225, 0.004284189445847034, 0.004218524384683262]"
22,"[0, 0.004889927213728206, 0.005035326938346315, 0.005190135222066884, 0.005355160270034675, 0.00553122367851379, 0.005718946547385433, 0.005918538674386347, 0.006129604646274612, 0.006351023111093468, 0.006580903420843859, 0.006816569811125414, 0.007054576045757899, 0.007291030875996867, 0.007522138373979535, 0.007745030162372787, 0.00795840107971048, 0.008162536676028917, 0.008358833615289753, 0.008549174314928054, 0.008735453845487844, 0.008919354150581548, 0.009102303162964965, 0.009285458146817381, 0.009469482653828205, 0.00965388200478249, 0.009835953552511158, 0.01001404811972458, 0.01002925432351108, 0.010058966527135742, 0.010002437998259565, 0.010099321736278206, 0.010008432896733642, 0.010708832893837283, 0.010565766932958236, 0.008586011635131821, 0.006243176590047536, 0.004214116934810407, 0.003925812323456122, 0.004649683072802002, 0.003785710148745402, 0.004685515685419111, 0.003770954738239506, 0.004674060623534488, 0.0037476086266125383, 0.0046188186891297995, 0.003702319264415578, 0.00425239685521735, 0.0037149553699648533, 0.004102412891090098, 0.0038309435198233977, 0.004023026835619828, 0.003876171044803205, 0.003993719982099317, 0.0038961161718497014, 0.0039778677567115055, 0.003898614121546454, 0.003960766162193464, 0.003887411261219777, 0.003939500354469143]"
23,"[0, 0.008799038692492522, 0.008870134805320489, 0.008945938877474326, 0.00902571135762451, 0.009109756157015382, 0.009198432670293136, 0.009292142466567205, 0.00939133285281552, 0.00949650022853508, 0.00960819198208531, 0.009726992382357203, 0.009853258294353656, 0.009987280793009234, 0.010130027644767217, 0.010282212818850292, 0.010444414368742815, 0.01061709633768987, 0.010800620841733331, 0.010995315148731847, 0.011201621165167697, 0.01142029975333968, 0.01165255846536555, 0.011899852901824867, 0.012163130438807119, 0.012441840019562264, 0.01273678698947663, 0.013047436527655627, 0.01314177339466799, 0.013231132976413438, 0.013155656852223653, 0.013263097112543346, 0.012928386608092911, 0.012874329530440893, 0.0037107314872015457, 0.006261376434605304, 0.005942391159183945, 0.007550272951519635, 0.007167332085405899, 0.007797645349360824, 0.007289561472921809, 0.007732817066971735, 0.007276299727640601, 0.007661736742469937, 0.007217848924633236, 0.007544661773099583, 0.007111192617538374, 0.006941597902913934, 0.006935743197021071, 0.006895890392537813, 0.006979485861492932, 0.0068259633072827895, 0.007000777121719653, 0.006811253191651156, 0.0070198567205116075, 0.006841725171161537, 0.0070642670008404275, 0.006891205323434665, 0.007097709117683859, 0.006909962467613286]"
24,"[0, 0.003125205392390088, 0.003136506435654929, 0.0031479653333795097, 0.0031595694720333305, 0.003171313541026547, 0.003183177234843619, 0.0031951358230609527, 0.00320716066985104, 0.0032192192970624763, 0.0032312787227761677, 0.003243318714326894, 0.0032553141221890883, 0.0032670674622589427, 0.0032785940560262255, 0.0032899399687036732, 0.0033011910257188365, 0.0033125248080664, 0.0033242821619191014, 0.00333709136352256, 0.003352102708121078, 0.003371472854157042, 0.003399508039217963, 0.0034459556143618298, 0.003538626448011702, 0.0037973839043227127, 0.005352347449116971, 0.009288153174312124, 0.0055567832077300944, 0.009233883782569102, 0.006373547548332603, 0.007136017831081715, 0.008111191208331875, 0.01021461767654354, 0.010243932667212708, 0.010423969032477023, 0.00820732177228583, 0.009724368716880892, 0.008185864989122457, 0.00956594413092482, 0.008240827549599443, 0.009523403584524607, 0.008264426319957002, 0.009474341674351574, 0.00826287357852128, 0.009364895891397189, 0.00821553754094421, 0.008633660081988398, 0.008251899282821953, 0.008594019481811824, 0.008383636954095592, 0.00859020121626834, 0.008436856646799402, 0.008585306398456156, 0.008451027929405237, 0.00856421693851446, 0.00843012256983304, 0.008516644017164971, 0.008383955490999967, 0.008457168718553251]"
